{"info":{"year":"2022","version":"2","description":"Exported from roboflow.ai","contributor":"","url":"https://public.roboflow.ai/object-detection/undefined","date_created":"2022-11-03T10:59:38+00:00"},"licenses":[{"id":1,"url":"https://creativecommons.org/licenses/by/4.0/","name":"CC BY 4.0"}],"categories":[{"id":0,"name":"Dogs-Cats","supercategory":"none"},{"id":1,"name":"Cat","supercategory":"Dogs-Cats"},{"id":2,"name":"Dog","supercategory":"Dogs-Cats"}],"images":[{"id":0,"license":1,"file_name":"15_jpg.rf.01eb57bb619dd5ce424abbd603ea6ea5.jpg","height":640,"width":640,"date_captured":"2022-11-03T10:59:38+00:00"},{"id":1,"license":1,"file_name":"10_jpg.rf.215aee9e662f7d08584dea6bdeaf2dce.jpg","height":640,"width":640,"date_captured":"2022-11-03T10:59:38+00:00"},{"id":2,"license":1,"file_name":"29_jpg.rf.07a5570cb6c867ddadaaf34cceaa9201.jpg","height":640,"width":640,"date_captured":"2022-11-03T10:59:38+00:00"},{"id":3,"license":1,"file_name":"38_jpg.rf.0f49133ed90dfd90ea8b87c4cb349795.jpg","height":640,"width":640,"date_captured":"2022-11-03T10:59:38+00:00"},{"id":4,"license":1,"file_name":"15_jpg.rf.1291fe23a7c35f7c2e65b92baa85a687.jpg","height":640,"width":640,"date_captured":"2022-11-03T10:59:38+00:00"},{"id":5,"license":1,"file_name":"9_jpg.rf.2fdf10cb47cd3daa03782bedc4bea437.jpg","height":640,"width":640,"date_captured":"2022-11-03T10:59:38+00:00"},{"id":6,"license":1,"file_name":"25_jpg.rf.38528bd795fe97f60d11008b8150f57f.jpg","height":640,"width":640,"date_captured":"2022-11-03T10:59:38+00:00"},{"id":7,"license":1,"file_name":"39_jpg.rf.2a7b31941285840bd8021be58e757b4f.jpg","height":640,"width":640,"date_captured":"2022-11-03T10:59:38+00:00"},{"id":8,"license":1,"file_name":"12_jpg.rf.30331a836f1f60735999142d88fee895.jpg","height":640,"width":640,"date_captured":"2022-11-03T10:59:38+00:00"},{"id":9,"license":1,"file_name":"30_jpg.rf.347ba551e6f103919d74cce4414ebfe6.jpg","height":640,"width":640,"date_captured":"2022-11-03T10:59:38+00:00"},{"id":10,"license":1,"file_name":"38_jpg.rf.1112c1315815dde75d9ddba25ffd8487.jpg","height":640,"width":640,"date_captured":"2022-11-03T10:59:38+00:00"},{"id":11,"license":1,"file_name":"31_jpg.rf.22a0957d09a375c7f2bdf440c6e8521c.jpg","height":640,"width":640,"date_captured":"2022-11-03T10:59:38+00:00"},{"id":12,"license":1,"file_name":"7_jpg.rf.142010f0715dea7be3fdf97eb8904fbd.jpg","height":640,"width":640,"date_captured":"2022-11-03T10:59:38+00:00"},{"id":13,"license":1,"file_name":"3_jpg.rf.09ad9a78f14a40496445beb16d73a8ec.jpg","height":640,"width":640,"date_captured":"2022-11-03T10:59:38+00:00"},{"id":14,"license":1,"file_name":"25_jpg.rf.217ece89750e24b0300eea9dc6cc0283.jpg","height":640,"width":640,"date_captured":"2022-11-03T10:59:38+00:00"},{"id":15,"license":1,"file_name":"1_jpg.rf.10f323730d78f523a140ef8239426daf.jpg","height":640,"width":640,"date_captured":"2022-11-03T10:59:38+00:00"},{"id":16,"license":1,"file_name":"39_jpg.rf.3124de8826f5d7002c804d751dab2074.jpg","height":640,"width":640,"date_captured":"2022-11-03T10:59:38+00:00"},{"id":17,"license":1,"file_name":"12_jpg.rf.2196ddcadb27152935c7516481e4a09b.jpg","height":640,"width":640,"date_captured":"2022-11-03T10:59:38+00:00"},{"id":18,"license":1,"file_name":"36_jpg.rf.23ef9be8bfb08c55cd3e3eb0f7080128.jpg","height":640,"width":640,"date_captured":"2022-11-03T10:59:38+00:00"},{"id":19,"license":1,"file_name":"29_jpg.rf.08d23f35d52fcd4c732a93d50c6643aa.jpg","height":640,"width":640,"date_captured":"2022-11-03T10:59:38+00:00"},{"id":20,"license":1,"file_name":"19_jpg.rf.3c46b7547915074e7b0f10332775c68a.jpg","height":640,"width":640,"date_captured":"2022-11-03T10:59:38+00:00"},{"id":21,"license":1,"file_name":"23_jpg.rf.4845b8f0208ff119d180e4f6dc80895b.jpg","height":640,"width":640,"date_captured":"2022-11-03T10:59:38+00:00"},{"id":22,"license":1,"file_name":"0_jpg.rf.5b6d8641d85fb9dd6474ed62bd1def5e.jpg","height":640,"width":640,"date_captured":"2022-11-03T10:59:38+00:00"},{"id":23,"license":1,"file_name":"6_jpg.rf.5c38ae658a15f606f5b1daadf0907b16.jpg","height":640,"width":640,"date_captured":"2022-11-03T10:59:38+00:00"},{"id":24,"license":1,"file_name":"23_jpg.rf.78ac37e6b272998f7c7808304405fa72.jpg","height":640,"width":640,"date_captured":"2022-11-03T10:59:38+00:00"},{"id":25,"license":1,"file_name":"3_jpg.rf.3fbf07732b37e9b95dc3936c80d41eaa.jpg","height":640,"width":640,"date_captured":"2022-11-03T10:59:38+00:00"},{"id":26,"license":1,"file_name":"0_jpg.rf.1d06e723997cb1b4b57e38ceb9b5e09b.jpg","height":640,"width":640,"date_captured":"2022-11-03T10:59:38+00:00"},{"id":27,"license":1,"file_name":"33_jpg.rf.430f7c1df2e20b5e5f3b6792aaeefce8.jpg","height":640,"width":640,"date_captured":"2022-11-03T10:59:38+00:00"},{"id":28,"license":1,"file_name":"10_jpg.rf.626b4e2563282bdeee72fa7d6465d39a.jpg","height":640,"width":640,"date_captured":"2022-11-03T10:59:38+00:00"},{"id":29,"license":1,"file_name":"34_jpg.rf.5eb0a093dd3edc55a36a982e1e07d585.jpg","height":640,"width":640,"date_captured":"2022-11-03T10:59:38+00:00"},{"id":30,"license":1,"file_name":"2_jpg.rf.6ae29b01cb0de104c36bd57a42d0b4ac.jpg","height":640,"width":640,"date_captured":"2022-11-03T10:59:38+00:00"},{"id":31,"license":1,"file_name":"11_jpg.rf.75e8ef54095d7c2ed13762f09b0ca20f.jpg","height":640,"width":640,"date_captured":"2022-11-03T10:59:38+00:00"},{"id":32,"license":1,"file_name":"9_jpg.rf.58e59ad7712eb57c5eed82592e0aca7d.jpg","height":640,"width":640,"date_captured":"2022-11-03T10:59:38+00:00"},{"id":33,"license":1,"file_name":"8_jpg.rf.6d4130a4f0736849588dff0fd1c12646.jpg","height":640,"width":640,"date_captured":"2022-11-03T10:59:38+00:00"},{"id":34,"license":1,"file_name":"7_jpg.rf.6e9e975eb50b6c5ac095b82eee164fba.jpg","height":640,"width":640,"date_captured":"2022-11-03T10:59:38+00:00"},{"id":35,"license":1,"file_name":"36_jpg.rf.4f7586bda9ac554cf77e06a48fdb44fc.jpg","height":640,"width":640,"date_captured":"2022-11-03T10:59:38+00:00"},{"id":36,"license":1,"file_name":"34_jpg.rf.7e6af49bd15314d4237b3150e6ae5e21.jpg","height":640,"width":640,"date_captured":"2022-11-03T10:59:38+00:00"},{"id":37,"license":1,"file_name":"37_jpg.rf.4018f6b4b22c81e897f9e34d5dbc5f9b.jpg","height":640,"width":640,"date_captured":"2022-11-03T10:59:38+00:00"},{"id":38,"license":1,"file_name":"33_jpg.rf.7a6aacaa86e7307a3cc50f3437a14a59.jpg","height":640,"width":640,"date_captured":"2022-11-03T10:59:38+00:00"},{"id":39,"license":1,"file_name":"15_jpg.rf.7c153fc04f908e7d69db0342b5c40fe9.jpg","height":640,"width":640,"date_captured":"2022-11-03T10:59:38+00:00"},{"id":40,"license":1,"file_name":"34_jpg.rf.8a163b333b6ade78cfa95a1dce8cb306.jpg","height":640,"width":640,"date_captured":"2022-11-03T10:59:38+00:00"},{"id":41,"license":1,"file_name":"2_jpg.rf.7a21ae14ff115666a267eb3b96fdb3fb.jpg","height":640,"width":640,"date_captured":"2022-11-03T10:59:38+00:00"},{"id":42,"license":1,"file_name":"10_jpg.rf.7df250597166da9160ec3c422362acf9.jpg","height":640,"width":640,"date_captured":"2022-11-03T10:59:38+00:00"},{"id":43,"license":1,"file_name":"17_jpg.rf.8fdbbe78c5c6f172a7c7bcb880ee38a8.jpg","height":640,"width":640,"date_captured":"2022-11-03T10:59:38+00:00"},{"id":44,"license":1,"file_name":"1_jpg.rf.3e03971348a0a8162cc63aab59e2be8d.jpg","height":640,"width":640,"date_captured":"2022-11-03T10:59:38+00:00"},{"id":45,"license":1,"file_name":"6_jpg.rf.8709a78f05d567cde2c67b8cef58f65d.jpg","height":640,"width":640,"date_captured":"2022-11-03T10:59:38+00:00"},{"id":46,"license":1,"file_name":"29_jpg.rf.7ff56e79a5073bd7dcb486bfa9c5bbf0.jpg","height":640,"width":640,"date_captured":"2022-11-03T10:59:38+00:00"},{"id":47,"license":1,"file_name":"4_jpg.rf.7628feffe0ba2fe55dc8f388e92ed3e8.jpg","height":640,"width":640,"date_captured":"2022-11-03T10:59:38+00:00"},{"id":48,"license":1,"file_name":"30_jpg.rf.7f934da0fc0f543a7f256f33aa938e75.jpg","height":640,"width":640,"date_captured":"2022-11-03T10:59:38+00:00"},{"id":49,"license":1,"file_name":"14_jpg.rf.a36e674d0b5171c06f1dfb9d12fe55f1.jpg","height":640,"width":640,"date_captured":"2022-11-03T10:59:38+00:00"},{"id":50,"license":1,"file_name":"1_jpg.rf.88af84e593de3e70b57ccfebe016536e.jpg","height":640,"width":640,"date_captured":"2022-11-03T10:59:38+00:00"},{"id":51,"license":1,"file_name":"8_jpg.rf.86af4240fff42496a678f7d7781f2f4f.jpg","height":640,"width":640,"date_captured":"2022-11-03T10:59:38+00:00"},{"id":52,"license":1,"file_name":"9_jpg.rf.8d48d89c0d8a5c01c34e27eebe4f7619.jpg","height":640,"width":640,"date_captured":"2022-11-03T10:59:38+00:00"},{"id":53,"license":1,"file_name":"40_jpg.rf.a3b19c5bf0f8ded16a6947fdb5bd0816.jpg","height":640,"width":640,"date_captured":"2022-11-03T10:59:38+00:00"},{"id":54,"license":1,"file_name":"14_jpg.rf.8582178d4acea336e9f6088ae8e9d614.jpg","height":640,"width":640,"date_captured":"2022-11-03T10:59:38+00:00"},{"id":55,"license":1,"file_name":"4_jpg.rf.967505c7d4db426f1b67bd1adbe73819.jpg","height":640,"width":640,"date_captured":"2022-11-03T10:59:38+00:00"},{"id":56,"license":1,"file_name":"19_jpg.rf.8a74cb97ec68a5c06f57bd5fb6965e78.jpg","height":640,"width":640,"date_captured":"2022-11-03T10:59:38+00:00"},{"id":57,"license":1,"file_name":"5_jpg.rf.a7bf12ec6a2f63c45ac2cb295c77cff5.jpg","height":640,"width":640,"date_captured":"2022-11-03T10:59:38+00:00"},{"id":58,"license":1,"file_name":"11_jpg.rf.9433c6a5e1ecf06fd1cb01af493b674e.jpg","height":640,"width":640,"date_captured":"2022-11-03T10:59:38+00:00"},{"id":59,"license":1,"file_name":"6_jpg.rf.afc183570365faa258514c4844d2e7aa.jpg","height":640,"width":640,"date_captured":"2022-11-03T10:59:38+00:00"},{"id":60,"license":1,"file_name":"17_jpg.rf.b46f08bb3166ca98f85177ba3a89e87d.jpg","height":640,"width":640,"date_captured":"2022-11-03T10:59:38+00:00"},{"id":61,"license":1,"file_name":"40_jpg.rf.8a80ffca4437757cd274678875b8834d.jpg","height":640,"width":640,"date_captured":"2022-11-03T10:59:38+00:00"},{"id":62,"license":1,"file_name":"36_jpg.rf.9b99545e07203c5e557bd81b1e86679b.jpg","height":640,"width":640,"date_captured":"2022-11-03T10:59:38+00:00"},{"id":63,"license":1,"file_name":"31_jpg.rf.a117db940c5fc6501a440ecbd7e2e4c4.jpg","height":640,"width":640,"date_captured":"2022-11-03T10:59:38+00:00"},{"id":64,"license":1,"file_name":"38_jpg.rf.a7199d79bc240ebc1f359ee27343b71a.jpg","height":640,"width":640,"date_captured":"2022-11-03T10:59:38+00:00"},{"id":65,"license":1,"file_name":"14_jpg.rf.8e05cfd8208e6f460da499db0c154ce0.jpg","height":640,"width":640,"date_captured":"2022-11-03T10:59:38+00:00"},{"id":66,"license":1,"file_name":"25_jpg.rf.bde08c16bd572ef429db9fb9a910d771.jpg","height":640,"width":640,"date_captured":"2022-11-03T10:59:38+00:00"},{"id":67,"license":1,"file_name":"12_jpg.rf.b15b4a5e057c740c47c4fe906e4b9b35.jpg","height":640,"width":640,"date_captured":"2022-11-03T10:59:38+00:00"},{"id":68,"license":1,"file_name":"8_jpg.rf.b93bd7c3e8ebc1f2167519fb352dd02c.jpg","height":640,"width":640,"date_captured":"2022-11-03T10:59:38+00:00"},{"id":69,"license":1,"file_name":"4_jpg.rf.bfc71a89f538dc5d74651e5425f47ff6.jpg","height":640,"width":640,"date_captured":"2022-11-03T10:59:38+00:00"},{"id":70,"license":1,"file_name":"17_jpg.rf.b46a914e7bdecba97a030765946ce395.jpg","height":640,"width":640,"date_captured":"2022-11-03T10:59:38+00:00"},{"id":71,"license":1,"file_name":"37_jpg.rf.dbcea3e79c6930c2e189496b4ff67d32.jpg","height":640,"width":640,"date_captured":"2022-11-03T10:59:38+00:00"},{"id":72,"license":1,"file_name":"2_jpg.rf.b65e786972c964fcb66fb29e193c450f.jpg","height":640,"width":640,"date_captured":"2022-11-03T10:59:38+00:00"},{"id":73,"license":1,"file_name":"3_jpg.rf.ccb5698e8504cc67ad18519a17efff00.jpg","height":640,"width":640,"date_captured":"2022-11-03T10:59:38+00:00"},{"id":74,"license":1,"file_name":"30_jpg.rf.c42bddb31d652e221fd786ea930b45c5.jpg","height":640,"width":640,"date_captured":"2022-11-03T10:59:38+00:00"},{"id":75,"license":1,"file_name":"40_jpg.rf.d3c5b25f8f491e42528114316b6892ea.jpg","height":640,"width":640,"date_captured":"2022-11-03T10:59:38+00:00"},{"id":76,"license":1,"file_name":"7_jpg.rf.bf3a23dda6f47aafbe97369fd05680e4.jpg","height":640,"width":640,"date_captured":"2022-11-03T10:59:38+00:00"},{"id":77,"license":1,"file_name":"23_jpg.rf.cf6fdc27b6863f23fdcd0c35abc218e8.jpg","height":640,"width":640,"date_captured":"2022-11-03T10:59:38+00:00"},{"id":78,"license":1,"file_name":"11_jpg.rf.defa9779e923e47220471e2e59781bd2.jpg","height":640,"width":640,"date_captured":"2022-11-03T10:59:38+00:00"},{"id":79,"license":1,"file_name":"39_jpg.rf.cf14338bc52246261bf943143ef6249e.jpg","height":640,"width":640,"date_captured":"2022-11-03T10:59:38+00:00"},{"id":80,"license":1,"file_name":"31_jpg.rf.fa5f7b33858c878766835cdb1f59fc2a.jpg","height":640,"width":640,"date_captured":"2022-11-03T10:59:38+00:00"},{"id":81,"license":1,"file_name":"37_jpg.rf.b52d809ba0b5049aca80bf5e60d33d1d.jpg","height":640,"width":640,"date_captured":"2022-11-03T10:59:38+00:00"},{"id":82,"license":1,"file_name":"19_jpg.rf.f12c073ac03c606764f71a2a05778099.jpg","height":640,"width":640,"date_captured":"2022-11-03T10:59:38+00:00"},{"id":83,"license":1,"file_name":"5_jpg.rf.de9f55545774ec6a89e0e4dd107083f2.jpg","height":640,"width":640,"date_captured":"2022-11-03T10:59:38+00:00"},{"id":84,"license":1,"file_name":"0_jpg.rf.ee56d837e67b65231b2382d865a44e34.jpg","height":640,"width":640,"date_captured":"2022-11-03T10:59:38+00:00"},{"id":85,"license":1,"file_name":"5_jpg.rf.ece899a0b63d3a0712cea4fcfa7238bd.jpg","height":640,"width":640,"date_captured":"2022-11-03T10:59:38+00:00"},{"id":86,"license":1,"file_name":"33_jpg.rf.d75dbb847eae2babb80db0a5c54ba63a.jpg","height":640,"width":640,"date_captured":"2022-11-03T10:59:38+00:00"}],"annotations":[{"id":0,"image_id":0,"category_id":1,"bbox":[0,0,201,153],"area":30753,"segmentation":[],"iscrowd":0},{"id":1,"image_id":0,"category_id":2,"bbox":[281,0,324.436,153],"area":49638.745,"segmentation":[[293.137,0,281.434,153,590.477,153,605.87,24.473,600.027,0,404.232,0,402.841,16.483,399.57,0,347.803,0,361.895,10.775,369.572,38.172,341.421,58.719,331.789,0,293.137,0]],"iscrowd":0},{"id":2,"image_id":0,"category_id":2,"bbox":[0,153,262,449.671],"area":117813.792,"segmentation":[[262,153,0,153,0,597.229,96.332,602.671,85.022,453.893,139.954,423.706,262,297.022,262,153]],"iscrowd":0},{"id":3,"image_id":0,"category_id":2,"bbox":[262,153,295,370],"area":109150,"segmentation":[],"iscrowd":0},{"id":4,"image_id":1,"category_id":1,"bbox":[0,0,262,288],"area":75456,"segmentation":[],"iscrowd":0},{"id":5,"image_id":1,"category_id":2,"bbox":[262,26,257,225],"area":57825,"segmentation":[],"iscrowd":0},{"id":6,"image_id":1,"category_id":2,"bbox":[0,288,262,352],"area":92224,"segmentation":[],"iscrowd":0},{"id":7,"image_id":1,"category_id":2,"bbox":[262,288,362,352],"area":127424,"segmentation":[],"iscrowd":0},{"id":8,"image_id":2,"category_id":2,"bbox":[0,33,194,307],"area":59558,"segmentation":[],"iscrowd":0},{"id":9,"image_id":2,"category_id":2,"bbox":[375,18,265,353],"area":93545,"segmentation":[],"iscrowd":0},{"id":10,"image_id":2,"category_id":1,"bbox":[281,371,359,269],"area":96571,"segmentation":[],"iscrowd":0},{"id":11,"image_id":3,"category_id":2,"bbox":[140,5,179.694,198.875],"area":35736.752,"segmentation":[[320,204,320,9.435,308.359,18.968,236.453,5.125,155.661,24.676,140.306,81.752,168.457,95.45,155.457,204,320,204]],"iscrowd":0},{"id":12,"image_id":3,"category_id":2,"bbox":[320,0,168.407,204],"area":34355.09,"segmentation":[[320,0,320,143.971,359.595,146.639,362.482,204,382.765,204,366.42,84.023,406.514,22.546,468.787,70.362,465.375,153.47,487.554,137.532,488.407,31.654,454.285,19.13,455.432,0,320,0]],"iscrowd":0},{"id":13,"image_id":3,"category_id":1,"bbox":[74,204,246,436],"area":107256,"segmentation":[],"iscrowd":0},{"id":14,"image_id":3,"category_id":1,"bbox":[320,204,320,436],"area":139520,"segmentation":[],"iscrowd":0},{"id":15,"image_id":4,"category_id":1,"bbox":[0,0,227,275],"area":62425,"segmentation":[],"iscrowd":0},{"id":16,"image_id":4,"category_id":1,"bbox":[256,0,281,275],"area":77275,"segmentation":[],"iscrowd":0},{"id":17,"image_id":4,"category_id":1,"bbox":[256,275,344,365],"area":125560,"segmentation":[],"iscrowd":0},{"id":18,"image_id":5,"category_id":2,"bbox":[288,120,272,238],"area":64736,"segmentation":[],"iscrowd":0},{"id":19,"image_id":5,"category_id":2,"bbox":[0,358,279,158],"area":44082,"segmentation":[],"iscrowd":0},{"id":20,"image_id":5,"category_id":1,"bbox":[496,358,144,282],"area":40608,"segmentation":[],"iscrowd":0},{"id":21,"image_id":6,"category_id":2,"bbox":[92,160,317,224],"area":71008,"segmentation":[],"iscrowd":0},{"id":22,"image_id":6,"category_id":2,"bbox":[148,472,261.402,167.671],"area":43829.583,"segmentation":[[409,640,409,485.792,170.668,472.329,181.978,621.107,147.598,640,409,640]],"iscrowd":0},{"id":23,"image_id":6,"category_id":2,"bbox":[558,448,82,192],"area":15744,"segmentation":[],"iscrowd":0},{"id":24,"image_id":7,"category_id":2,"bbox":[0,0,267.923,262],"area":70195.761,"segmentation":[[0,0,0,262,267.923,262,246.675,249.161,261.212,159.495,82.905,0,0,0]],"iscrowd":0},{"id":25,"image_id":7,"category_id":2,"bbox":[294,0,266,262],"area":69692,"segmentation":[],"iscrowd":0},{"id":26,"image_id":7,"category_id":2,"bbox":[48,316,246,225],"area":55350,"segmentation":[],"iscrowd":0},{"id":27,"image_id":7,"category_id":1,"bbox":[327,262,313,375],"area":117375,"segmentation":[],"iscrowd":0},{"id":28,"image_id":8,"category_id":1,"bbox":[0,55,302,399],"area":120498,"segmentation":[],"iscrowd":0},{"id":29,"image_id":8,"category_id":2,"bbox":[390,0,250,454],"area":113500,"segmentation":[],"iscrowd":0},{"id":30,"image_id":8,"category_id":2,"bbox":[0,454,390,186],"area":72540,"segmentation":[],"iscrowd":0},{"id":31,"image_id":8,"category_id":2,"bbox":[390,454,68,186],"area":12648,"segmentation":[],"iscrowd":0},{"id":32,"image_id":9,"category_id":2,"bbox":[62,0,270,342],"area":92340,"segmentation":[],"iscrowd":0},{"id":33,"image_id":9,"category_id":1,"bbox":[386,68,254,284],"area":72136,"segmentation":[],"iscrowd":0},{"id":34,"image_id":9,"category_id":2,"bbox":[0,352,332,264],"area":87648,"segmentation":[],"iscrowd":0},{"id":35,"image_id":9,"category_id":2,"bbox":[332,352,308,288],"area":88704,"segmentation":[[482.894,352,490.816,438.423,417.239,507.282,356.458,529.087,332,480.996,332,640,371.063,640,408.708,607.128,471.622,496.953,536.667,485.476,512.142,584.175,549.463,577.289,472.371,640,509.968,640,568.657,626.638,571.291,640,640,640,640,517.424,637.968,515.315,602.78,402.845,600.494,352,569.091,352,564.392,424.651,524.938,393.664,518.443,352,482.894,352]],"iscrowd":0},{"id":36,"image_id":10,"category_id":2,"bbox":[0,0,293.694,422],"area":123939.011,"segmentation":[[0,0,0,422,25.414,422,7.066,350.886,22.421,257.281,50.572,277.828,42.895,305.225,24.98,318.923,52.929,422,79.893,422,69.34,372.574,83.841,299.517,94.176,422,151.256,422,148.674,399.971,204.123,386.273,203.851,422,255.723,422,286.87,291.527,265.543,113.45,293.694,99.752,278.339,42.676,197.547,23.125,125.641,36.968,80.496,0,0,0]],"iscrowd":0},{"id":37,"image_id":10,"category_id":1,"bbox":[307,0,333,422],"area":140526,"segmentation":[],"iscrowd":0},{"id":38,"image_id":10,"category_id":2,"bbox":[48,422,259,218],"area":56462,"segmentation":[],"iscrowd":0},{"id":39,"image_id":10,"category_id":2,"bbox":[307,422,307,218],"area":66926,"segmentation":[],"iscrowd":0},{"id":40,"image_id":11,"category_id":2,"bbox":[0,13,300,396],"area":118800,"segmentation":[],"iscrowd":0},{"id":41,"image_id":11,"category_id":2,"bbox":[0,409,104,231],"area":24024,"segmentation":[],"iscrowd":0},{"id":42,"image_id":11,"category_id":2,"bbox":[300,409,340,231],"area":78540,"segmentation":[],"iscrowd":0},{"id":43,"image_id":12,"category_id":1,"bbox":[332,0,308,364],"area":112112,"segmentation":[],"iscrowd":0},{"id":44,"image_id":12,"category_id":2,"bbox":[0,364,169.188,185.629],"area":31406.186,"segmentation":[[0,364,0,521.927,45.924,549.629,121.278,468.038,169.188,364,0,364]],"iscrowd":0},{"id":45,"image_id":12,"category_id":1,"bbox":[332,364,308,276],"area":85008,"segmentation":[],"iscrowd":0},{"id":46,"image_id":13,"category_id":1,"bbox":[0,0,307,396],"area":121572,"segmentation":[],"iscrowd":0},{"id":47,"image_id":13,"category_id":2,"bbox":[307,0,333,396],"area":131868,"segmentation":[[314.02,0,307,11.353,307,104.476,314.025,96.443,324.688,157.269,307,196.076,307,320.653,337.484,316.793,315.091,247.934,362.01,146.94,417.458,37.913,478.239,59.718,551.816,128.577,528.356,384.505,558.755,396,567.28,396,559.28,344.337,585.938,173.336,625.392,142.349,637.122,323.679,640,328.154,640,0,577.41,0,597.667,81.524,532.622,70.047,492.623,0,314.02,0]],"iscrowd":0},{"id":48,"image_id":13,"category_id":1,"bbox":[0,396,307,244],"area":74908,"segmentation":[],"iscrowd":0},{"id":49,"image_id":13,"category_id":2,"bbox":[353,396,280,210],"area":58800,"segmentation":[],"iscrowd":0},{"id":50,"image_id":14,"category_id":2,"bbox":[48,142,336,152],"area":51072,"segmentation":[],"iscrowd":0},{"id":51,"image_id":14,"category_id":1,"bbox":[384,0,233,294],"area":68502,"segmentation":[],"iscrowd":0},{"id":52,"image_id":14,"category_id":2,"bbox":[173,294,211,346],"area":73006,"segmentation":[],"iscrowd":0},{"id":53,"image_id":15,"category_id":1,"bbox":[0,38,390,282],"area":109980,"segmentation":[],"iscrowd":0},{"id":54,"image_id":15,"category_id":1,"bbox":[390,0,189,320],"area":60480,"segmentation":[],"iscrowd":0},{"id":55,"image_id":15,"category_id":1,"bbox":[91,320,132,123],"area":16236,"segmentation":[],"iscrowd":0},{"id":56,"image_id":15,"category_id":1,"bbox":[0,327,114,133],"area":15162,"segmentation":[],"iscrowd":0},{"id":57,"image_id":15,"category_id":1,"bbox":[0,475,110,165],"area":18150,"segmentation":[],"iscrowd":0},{"id":58,"image_id":15,"category_id":1,"bbox":[338,401,52,239],"area":12428,"segmentation":[],"iscrowd":0},{"id":59,"image_id":15,"category_id":1,"bbox":[124,450,138,190],"area":26220,"segmentation":[],"iscrowd":0},{"id":60,"image_id":15,"category_id":1,"bbox":[390,320,250,320],"area":80000,"segmentation":[],"iscrowd":0},{"id":61,"image_id":16,"category_id":2,"bbox":[52,0,254.73,275],"area":70050.86,"segmentation":[[180.201,0,78.921,132.071,52.27,249.412,85.606,275,307,275,307,207.149,224.295,135.392,192.797,115.466,236.493,0,180.201,0]],"iscrowd":0},{"id":62,"image_id":16,"category_id":1,"bbox":[307,0,311,275],"area":85525,"segmentation":[],"iscrowd":0},{"id":63,"image_id":16,"category_id":2,"bbox":[0,298,241,342],"area":82422,"segmentation":[],"iscrowd":0},{"id":64,"image_id":16,"category_id":1,"bbox":[462,275,178,325],"area":57850,"segmentation":[],"iscrowd":0},{"id":65,"image_id":17,"category_id":1,"bbox":[39,21,229,331],"area":75799,"segmentation":[],"iscrowd":0},{"id":66,"image_id":17,"category_id":1,"bbox":[268,0,372,352],"area":130944,"segmentation":[],"iscrowd":0},{"id":67,"image_id":17,"category_id":2,"bbox":[133,352,135,288],"area":38880,"segmentation":[],"iscrowd":0},{"id":68,"image_id":17,"category_id":2,"bbox":[268,352,169.785,288],"area":48897.989,"segmentation":[[268,352,268,640,380.455,640,437.785,531.547,362.675,486.161,377.212,396.495,327.469,352,268,352]],"iscrowd":0},{"id":69,"image_id":17,"category_id":2,"bbox":[383,352,256.73,288],"area":73938.355,"segmentation":[[416.878,352,409.921,361.071,383.27,478.412,443.842,524.905,392.76,640,465.705,640,472.917,634.497,476.551,640,570.426,640,575.972,634.092,587.743,640,640,640,640,437.884,555.295,364.392,535.706,352,416.878,352]],"iscrowd":0},{"id":70,"image_id":18,"category_id":2,"bbox":[0,0,277,368],"area":101936,"segmentation":[],"iscrowd":0},{"id":71,"image_id":18,"category_id":1,"bbox":[299,0,341,448],"area":152768,"segmentation":[],"iscrowd":0},{"id":72,"image_id":19,"category_id":2,"bbox":[229,79,187,253],"area":47311,"segmentation":[],"iscrowd":0},{"id":73,"image_id":19,"category_id":1,"bbox":[574,18,66,314],"area":20724,"segmentation":[],"iscrowd":0},{"id":74,"image_id":19,"category_id":2,"bbox":[0,332,298,308],"area":91784,"segmentation":[],"iscrowd":0},{"id":75,"image_id":19,"category_id":2,"bbox":[416,332,49,226],"area":11074,"segmentation":[],"iscrowd":0},{"id":76,"image_id":20,"category_id":1,"bbox":[71,0,132,99],"area":13068,"segmentation":[],"iscrowd":0},{"id":77,"image_id":20,"category_id":1,"bbox":[0,0,94,116],"area":10904,"segmentation":[],"iscrowd":0},{"id":78,"image_id":20,"category_id":1,"bbox":[0,131,90,182],"area":16380,"segmentation":[],"iscrowd":0},{"id":79,"image_id":20,"category_id":1,"bbox":[105,106,138,208],"area":28704,"segmentation":[],"iscrowd":0},{"id":80,"image_id":20,"category_id":2,"bbox":[449,0,191,320],"area":61120,"segmentation":[],"iscrowd":0},{"id":81,"image_id":20,"category_id":2,"bbox":[121,441,133,199],"area":26467,"segmentation":[],"iscrowd":0},{"id":82,"image_id":20,"category_id":1,"bbox":[377,395,263,245],"area":64435,"segmentation":[],"iscrowd":0},{"id":83,"image_id":21,"category_id":2,"bbox":[0,0,196,230],"area":45080,"segmentation":[],"iscrowd":0},{"id":84,"image_id":21,"category_id":2,"bbox":[273,0,366.708,249],"area":91310.32,"segmentation":[[273.292,0,333.263,249,640,249,640,95.052,594.954,48.294,540.022,18.107,541.398,0,273.292,0]],"iscrowd":0},{"id":85,"image_id":21,"category_id":1,"bbox":[262,301,282,193.5],"area":54567,"segmentation":[],"iscrowd":0},{"id":86,"image_id":22,"category_id":1,"bbox":[0,11,270,193],"area":52110,"segmentation":[],"iscrowd":0},{"id":87,"image_id":22,"category_id":1,"bbox":[326,0,198,275],"area":54450,"segmentation":[],"iscrowd":0},{"id":88,"image_id":22,"category_id":2,"bbox":[0,275,326,365],"area":118990,"segmentation":[],"iscrowd":0},{"id":89,"image_id":22,"category_id":2,"bbox":[395,275,245,365],"area":89425,"segmentation":[],"iscrowd":0},{"id":90,"image_id":23,"category_id":2,"bbox":[453,0,186.694,332],"area":61982.521,"segmentation":[[640,332,640,0,476.954,0,460.13,70.473,481.457,248.55,453.306,262.248,468.661,319.324,521.042,332,585.165,332,621.359,325.032,629.868,332,640,332]],"iscrowd":0},{"id":91,"image_id":23,"category_id":2,"bbox":[134,332,173,308],"area":53284,"segmentation":[],"iscrowd":0},{"id":92,"image_id":23,"category_id":2,"bbox":[307,332,333,308],"area":102564,"segmentation":[],"iscrowd":0},{"id":93,"image_id":24,"category_id":2,"bbox":[0,0,275,345],"area":94875,"segmentation":[],"iscrowd":0},{"id":94,"image_id":24,"category_id":1,"bbox":[275,0,332,345],"area":114540,"segmentation":[],"iscrowd":0},{"id":95,"image_id":24,"category_id":1,"bbox":[0,345,255,295],"area":75225,"segmentation":[],"iscrowd":0},{"id":96,"image_id":24,"category_id":2,"bbox":[275,345,365,282],"area":102930,"segmentation":[],"iscrowd":0},{"id":97,"image_id":25,"category_id":1,"bbox":[0,0,364,224],"area":81536,"segmentation":[],"iscrowd":0},{"id":98,"image_id":25,"category_id":2,"bbox":[364,0,276,224],"area":61824,"segmentation":[],"iscrowd":0},{"id":99,"image_id":25,"category_id":2,"bbox":[459,224,180.694,363.875],"area":65750.193,"segmentation":[[488.922,224,466.13,319.473,487.457,497.55,459.306,511.248,474.661,568.324,555.453,587.875,627.359,574.032,640,584.384,640,224,551.822,224,548.877,224.727,548.883,224,488.922,224]],"iscrowd":0},{"id":100,"image_id":26,"category_id":1,"bbox":[0,108,268,177],"area":47436,"segmentation":[],"iscrowd":0},{"id":101,"image_id":26,"category_id":2,"bbox":[294,0,286.785,345],"area":98940.864,"segmentation":[[294,0,294,234.448,299.394,237.551,294,252.72,294,345,326.81,345,321.115,323.978,337.9,257.335,347.285,345,433.32,345,477.115,336.473,477.032,345,544.125,345,572.886,250.046,548.203,87.605,580.785,75.11,563.013,23.046,469.503,5.211,386.279,17.839,358.638,0,294,0]],"iscrowd":0},{"id":102,"image_id":26,"category_id":2,"bbox":[0,345,177.886,284.554],"area":50618.337,"segmentation":[[0,345,0,629.554,41.634,625.285,17.938,465.968,82.115,453.473,81.127,555.519,104.823,609.666,172.95,628.409,143.33,570.097,132.469,516.992,177.886,367.046,174.536,345,0,345]],"iscrowd":0},{"id":103,"image_id":26,"category_id":1,"bbox":[294,345,316,295],"area":93220,"segmentation":[],"iscrowd":0},{"id":104,"image_id":27,"category_id":2,"bbox":[0,0,153,232],"area":35496,"segmentation":[],"iscrowd":0},{"id":105,"image_id":27,"category_id":2,"bbox":[153,29,487,207],"area":100809,"segmentation":[],"iscrowd":0},{"id":106,"image_id":27,"category_id":2,"bbox":[218,236,365,404],"area":147460,"segmentation":[],"iscrowd":0},{"id":107,"image_id":28,"category_id":1,"bbox":[0,0,313,441],"area":138033,"segmentation":[],"iscrowd":0},{"id":108,"image_id":28,"category_id":2,"bbox":[313,172,327,225],"area":73575,"segmentation":[],"iscrowd":0},{"id":109,"image_id":28,"category_id":2,"bbox":[0,441,313,199],"area":62287,"segmentation":[],"iscrowd":0},{"id":110,"image_id":29,"category_id":2,"bbox":[83,15,154,302],"area":46508,"segmentation":[],"iscrowd":0},{"id":111,"image_id":29,"category_id":2,"bbox":[377,35,142.684,368.227],"area":52539.906,"segmentation":[[377,403,465.512,403,519.684,47.512,377,34.773,377,403]],"iscrowd":0},{"id":112,"image_id":29,"category_id":2,"bbox":[0,403,356,237],"area":84372,"segmentation":[],"iscrowd":0},{"id":113,"image_id":29,"category_id":1,"bbox":[410,403,230,237],"area":54510,"segmentation":[],"iscrowd":0},{"id":114,"image_id":30,"category_id":1,"bbox":[0,13,39,383],"area":14937,"segmentation":[],"iscrowd":0},{"id":115,"image_id":30,"category_id":1,"bbox":[206,0,434,396],"area":171864,"segmentation":[],"iscrowd":0},{"id":116,"image_id":30,"category_id":2,"bbox":[18,466,164,174],"area":28536,"segmentation":[],"iscrowd":0},{"id":117,"image_id":30,"category_id":1,"bbox":[230,396,410,244],"area":100040,"segmentation":[],"iscrowd":0},{"id":118,"image_id":31,"category_id":1,"bbox":[0,0,290,422],"area":122380,"segmentation":[],"iscrowd":0},{"id":119,"image_id":31,"category_id":1,"bbox":[371,46,269,376],"area":101144,"segmentation":[],"iscrowd":0},{"id":120,"image_id":31,"category_id":2,"bbox":[371,436,269,204.297],"area":54955.987,"segmentation":[[640,460.715,371,435.703,371,640,607.717,640,640,606.49,640,460.715]],"iscrowd":0},{"id":121,"image_id":32,"category_id":2,"bbox":[332,4,253,341],"area":86273,"segmentation":[],"iscrowd":0},{"id":122,"image_id":32,"category_id":1,"bbox":[0,345,332,295],"area":97940,"segmentation":[],"iscrowd":0},{"id":123,"image_id":33,"category_id":2,"bbox":[447,0,193,313],"area":60409,"segmentation":[],"iscrowd":0},{"id":124,"image_id":33,"category_id":2,"bbox":[0,313,266,327],"area":86982,"segmentation":[],"iscrowd":0},{"id":125,"image_id":33,"category_id":1,"bbox":[431,313,125,92],"area":11500,"segmentation":[],"iscrowd":0},{"id":126,"image_id":33,"category_id":1,"bbox":[532,392,108,129],"area":13932,"segmentation":[],"iscrowd":0},{"id":127,"image_id":33,"category_id":1,"bbox":[371,313,61,150],"area":9150,"segmentation":[],"iscrowd":0},{"id":128,"image_id":33,"category_id":1,"bbox":[448,530,159,110],"area":17490,"segmentation":[],"iscrowd":0},{"id":129,"image_id":34,"category_id":1,"bbox":[179,18,461,366],"area":168726,"segmentation":[],"iscrowd":0},{"id":130,"image_id":34,"category_id":2,"bbox":[0,384,145,256],"area":37120,"segmentation":[],"iscrowd":0},{"id":131,"image_id":34,"category_id":1,"bbox":[179,384,461,256],"area":118016,"segmentation":[],"iscrowd":0},{"id":132,"image_id":35,"category_id":2,"bbox":[0,16,137,402],"area":55074,"segmentation":[],"iscrowd":0},{"id":133,"image_id":35,"category_id":2,"bbox":[234,134,363.5,224.5],"area":81605.75,"segmentation":[],"iscrowd":0},{"id":134,"image_id":35,"category_id":1,"bbox":[217,441,423,199],"area":84177,"segmentation":[],"iscrowd":0},{"id":135,"image_id":36,"category_id":2,"bbox":[205,144,133,80],"area":10640,"segmentation":[],"iscrowd":0},{"id":136,"image_id":36,"category_id":1,"bbox":[384,0,256,214],"area":54784,"segmentation":[],"iscrowd":0},{"id":137,"image_id":36,"category_id":2,"bbox":[0,224,384,416],"area":159744,"segmentation":[],"iscrowd":0},{"id":138,"image_id":36,"category_id":2,"bbox":[384,224,256,416],"area":106496,"segmentation":[],"iscrowd":0},{"id":139,"image_id":37,"category_id":2,"bbox":[0,0,262,219.477],"area":57502.982,"segmentation":[[29.908,0,24.025,33.557,0,6.083,0,89.354,6.964,102.416,60.483,188.971,123.193,219.477,179.708,170.128,242.622,59.953,262,56.534,262,0,261.685,0,261.816,1.423,188.239,70.282,127.458,92.087,80.625,0,29.908,0]],"iscrowd":0},{"id":140,"image_id":37,"category_id":2,"bbox":[262,0,250.32,199.604],"area":49964.982,"segmentation":[[262,0,262,70.057,267.024,113.763,361.714,187.763,421.428,191.179,451.285,155.886,512.32,199.604,456.403,134.255,451.285,48.87,485.407,36.346,485.114,0,462.711,0,403.514,45.454,373.87,0,262,0]],"iscrowd":0},{"id":141,"image_id":37,"category_id":1,"bbox":[0,294,220,346],"area":76120,"segmentation":[],"iscrowd":0},{"id":142,"image_id":37,"category_id":2,"bbox":[262,294,367,346],"area":126982,"segmentation":[],"iscrowd":0},{"id":143,"image_id":38,"category_id":2,"bbox":[0,0,262,262],"area":68644,"segmentation":[],"iscrowd":0},{"id":144,"image_id":38,"category_id":1,"bbox":[262,0,246,262],"area":64452,"segmentation":[],"iscrowd":0},{"id":145,"image_id":38,"category_id":2,"bbox":[273,262,227,338],"area":76726,"segmentation":[],"iscrowd":0},{"id":146,"image_id":39,"category_id":1,"bbox":[0,0,307,211],"area":64777,"segmentation":[],"iscrowd":0},{"id":147,"image_id":39,"category_id":2,"bbox":[442,0,198,73],"area":14454,"segmentation":[],"iscrowd":0},{"id":148,"image_id":39,"category_id":1,"bbox":[376,313,264,193],"area":50952,"segmentation":[],"iscrowd":0},{"id":149,"image_id":40,"category_id":2,"bbox":[160,0,121,319],"area":38599,"segmentation":[],"iscrowd":0},{"id":150,"image_id":40,"category_id":1,"bbox":[281,0,256,371],"area":94976,"segmentation":[],"iscrowd":0},{"id":151,"image_id":40,"category_id":2,"bbox":[0,371,281,243],"area":68283,"segmentation":[],"iscrowd":0},{"id":152,"image_id":40,"category_id":2,"bbox":[416,371,224,228],"area":51072,"segmentation":[],"iscrowd":0},{"id":153,"image_id":41,"category_id":1,"bbox":[0,0,217,128],"area":27776,"segmentation":[],"iscrowd":0},{"id":154,"image_id":41,"category_id":2,"bbox":[241,0,268,128],"area":34304,"segmentation":[],"iscrowd":0},{"id":155,"image_id":41,"category_id":2,"bbox":[26,128,191,512],"area":97792,"segmentation":[],"iscrowd":0},{"id":156,"image_id":41,"category_id":1,"bbox":[217,128,423,512],"area":216576,"segmentation":[],"iscrowd":0},{"id":157,"image_id":42,"category_id":1,"bbox":[0,0,192,207],"area":39744,"segmentation":[],"iscrowd":0},{"id":158,"image_id":42,"category_id":2,"bbox":[305,142,227,101],"area":22927,"segmentation":[],"iscrowd":0},{"id":159,"image_id":42,"category_id":2,"bbox":[16,243,176,397],"area":69872,"segmentation":[],"iscrowd":0},{"id":160,"image_id":42,"category_id":2,"bbox":[349,243,290.694,397],"area":115405.653,"segmentation":[[395.155,243,356.13,406.473,377.457,584.55,349.306,598.248,360.538,640,640,640,640,258.666,611.195,251.227,635.934,347.114,620.579,440.719,592.428,420.172,600.105,392.775,618.02,379.077,583.044,250.085,560.011,261.501,573.66,325.426,559.159,398.483,546.04,243,487.875,243,494.326,298.029,438.877,311.727,439.401,243,395.155,243]],"iscrowd":0},{"id":161,"image_id":43,"category_id":1,"bbox":[0,0,282,236],"area":66552,"segmentation":[],"iscrowd":0},{"id":162,"image_id":43,"category_id":2,"bbox":[288,0,352,236],"area":83072,"segmentation":[],"iscrowd":0},{"id":163,"image_id":43,"category_id":1,"bbox":[0,252,288,388],"area":111744,"segmentation":[],"iscrowd":0},{"id":164,"image_id":43,"category_id":2,"bbox":[288,236,262,303],"area":79386,"segmentation":[],"iscrowd":0},{"id":165,"image_id":44,"category_id":1,"bbox":[6,0,314,339],"area":106446,"segmentation":[],"iscrowd":0},{"id":166,"image_id":44,"category_id":2,"bbox":[320,0,316.845,339],"area":107410.403,"segmentation":[[347.508,0,353.978,85.107,320,103.779,320,339,555.198,339,636.845,0,347.508,0]],"iscrowd":0},{"id":167,"image_id":44,"category_id":1,"bbox":[0,339,320,301],"area":96320,"segmentation":[],"iscrowd":0},{"id":168,"image_id":44,"category_id":1,"bbox":[320,339,320,301],"area":96320,"segmentation":[],"iscrowd":0},{"id":169,"image_id":45,"category_id":1,"bbox":[409,0,231,170],"area":39270,"segmentation":[],"iscrowd":0},{"id":170,"image_id":45,"category_id":2,"bbox":[82,236,327,150],"area":49050,"segmentation":[],"iscrowd":0},{"id":171,"image_id":46,"category_id":2,"bbox":[56,0,280,101],"area":28280,"segmentation":[],"iscrowd":0},{"id":172,"image_id":46,"category_id":2,"bbox":[364,0,233,256],"area":59648,"segmentation":[],"iscrowd":0},{"id":173,"image_id":46,"category_id":1,"bbox":[37,424,282,193.5],"area":54567,"segmentation":[],"iscrowd":0},{"id":174,"image_id":46,"category_id":2,"bbox":[370,260,270,225],"area":60750,"segmentation":[],"iscrowd":0},{"id":175,"image_id":47,"category_id":2,"bbox":[42,358,320.994,282],"area":90520.294,"segmentation":[[175.913,358,159.841,548.483,145.339,475.426,158.989,411.501,135.956,400.085,100.98,529.077,118.895,542.775,126.572,570.172,98.421,590.719,83.066,497.114,107.805,401.227,59.18,413.784,41.876,640,352.867,640,362.87,556.473,323.629,392.095,329.125,358,279.332,358,280.123,461.727,224.674,448.029,235.228,358,175.913,358]],"iscrowd":0},{"id":176,"image_id":47,"category_id":2,"bbox":[439,502,201,138],"area":27738,"segmentation":[],"iscrowd":0},{"id":177,"image_id":48,"category_id":2,"bbox":[17,0,264,281],"area":74184,"segmentation":[],"iscrowd":0},{"id":178,"image_id":48,"category_id":2,"bbox":[306,0,334,281],"area":93854,"segmentation":[],"iscrowd":0},{"id":179,"image_id":48,"category_id":2,"bbox":[0,281,281,359],"area":100879,"segmentation":[[17.899,281,0,330.452,0,490.447,31.452,518.205,17.932,640,281,640,281,489.465,125.424,281,17.899,281]],"iscrowd":0},{"id":180,"image_id":48,"category_id":2,"bbox":[281,281,358,359],"area":128522,"segmentation":[],"iscrowd":0},{"id":181,"image_id":49,"category_id":1,"bbox":[0,0,204,204],"area":41616,"segmentation":[],"iscrowd":0},{"id":182,"image_id":49,"category_id":1,"bbox":[208,0,432,204],"area":88128,"segmentation":[],"iscrowd":0},{"id":183,"image_id":49,"category_id":2,"bbox":[238,204,402,436],"area":175272,"segmentation":[],"iscrowd":0},{"id":184,"image_id":50,"category_id":1,"bbox":[0,0,179,320],"area":57280,"segmentation":[],"iscrowd":0},{"id":185,"image_id":50,"category_id":1,"bbox":[179,0,461,320],"area":147520,"segmentation":[],"iscrowd":0},{"id":186,"image_id":50,"category_id":2,"bbox":[73,320,106,177],"area":18762,"segmentation":[],"iscrowd":0},{"id":187,"image_id":51,"category_id":2,"bbox":[479,162,161,307],"area":49427,"segmentation":[],"iscrowd":0},{"id":188,"image_id":51,"category_id":1,"bbox":[244,594,132,46],"area":6072,"segmentation":[],"iscrowd":0},{"id":189,"image_id":51,"category_id":1,"bbox":[353,577,88,63],"area":5544,"segmentation":[],"iscrowd":0},{"id":190,"image_id":51,"category_id":1,"bbox":[357,473,84,89],"area":7476,"segmentation":[],"iscrowd":0},{"id":191,"image_id":51,"category_id":1,"bbox":[0,473,129,163],"area":21027,"segmentation":[],"iscrowd":0},{"id":192,"image_id":51,"category_id":1,"bbox":[205,473,138,115],"area":15870,"segmentation":[],"iscrowd":0},{"id":193,"image_id":51,"category_id":1,"bbox":[441,473,194,36],"area":6984,"segmentation":[],"iscrowd":0},{"id":194,"image_id":52,"category_id":2,"bbox":[0,288,252,341],"area":85932,"segmentation":[],"iscrowd":0},{"id":195,"image_id":53,"category_id":2,"bbox":[0,0,307,352],"area":108064,"segmentation":[],"iscrowd":0},{"id":196,"image_id":53,"category_id":1,"bbox":[346,0,294,352],"area":103488,"segmentation":[],"iscrowd":0},{"id":197,"image_id":53,"category_id":2,"bbox":[0,352,307,288],"area":88416,"segmentation":[],"iscrowd":0},{"id":198,"image_id":53,"category_id":1,"bbox":[317,352,323,288],"area":93024,"segmentation":[],"iscrowd":0},{"id":199,"image_id":54,"category_id":1,"bbox":[46,0,254,294],"area":74676,"segmentation":[],"iscrowd":0},{"id":200,"image_id":54,"category_id":1,"bbox":[300,0,167,294],"area":49098,"segmentation":[],"iscrowd":0},{"id":201,"image_id":54,"category_id":2,"bbox":[0,294,253.228,346],"area":87616.938,"segmentation":[[22.484,294,0,323.32,0,486.14,21.842,502.905,0,552.118,0,640,14.873,640,50.917,612.497,69.08,640,127.773,640,153.972,612.092,209.582,640,226.46,640,253.228,446.449,133.295,342.392,101.797,322.466,112.57,294,22.484,294]],"iscrowd":0},{"id":202,"image_id":54,"category_id":1,"bbox":[335,304,305,336],"area":102480,"segmentation":[],"iscrowd":0},{"id":203,"image_id":55,"category_id":1,"bbox":[499,0,141,268],"area":37788,"segmentation":[],"iscrowd":0},{"id":204,"image_id":55,"category_id":2,"bbox":[112,309,342,225],"area":76950,"segmentation":[],"iscrowd":0},{"id":205,"image_id":55,"category_id":1,"bbox":[454,268,186,324],"area":60264,"segmentation":[],"iscrowd":0},{"id":206,"image_id":56,"category_id":1,"bbox":[168,29,147.5,139],"area":20502.5,"segmentation":[],"iscrowd":0},{"id":207,"image_id":56,"category_id":1,"bbox":[293,0,63,125],"area":7875,"segmentation":[],"iscrowd":0},{"id":208,"image_id":56,"category_id":1,"bbox":[0,22,100,162],"area":16200,"segmentation":[],"iscrowd":0},{"id":209,"image_id":56,"category_id":1,"bbox":[81,121,131,163.5],"area":21418.5,"segmentation":[],"iscrowd":0},{"id":210,"image_id":56,"category_id":1,"bbox":[189,178,128.5,123],"area":15805.5,"segmentation":[],"iscrowd":0},{"id":211,"image_id":56,"category_id":1,"bbox":[43,291,136,48],"area":6528,"segmentation":[],"iscrowd":0},{"id":212,"image_id":56,"category_id":1,"bbox":[358,0,205,339],"area":69495,"segmentation":[],"iscrowd":0},{"id":213,"image_id":56,"category_id":2,"bbox":[358,339,282,301],"area":84882,"segmentation":[],"iscrowd":0},{"id":214,"image_id":57,"category_id":2,"bbox":[325,0,262,204],"area":53448,"segmentation":[],"iscrowd":0},{"id":215,"image_id":57,"category_id":1,"bbox":[0,264,200,376],"area":75200,"segmentation":[],"iscrowd":0},{"id":216,"image_id":57,"category_id":2,"bbox":[407,240,227,379.5],"area":86146.5,"segmentation":[],"iscrowd":0},{"id":217,"image_id":58,"category_id":1,"bbox":[0,0,316,307],"area":97012,"segmentation":[],"iscrowd":0},{"id":218,"image_id":58,"category_id":2,"bbox":[326,0,314,307],"area":96398,"segmentation":[[503.394,0,516.816,146.423,443.239,215.282,382.458,237.087,327.01,128.06,326,125.887,326,307,439.35,307,497.622,204.953,562.667,193.476,538.142,292.175,575.463,285.289,548.773,307,640,307,640,146.708,628.78,110.845,625.581,39.691,621.155,0,598.973,0,590.392,132.651,550.938,101.664,535.089,0,503.394,0]],"iscrowd":0},{"id":219,"image_id":58,"category_id":1,"bbox":[0,446,326,194],"area":63244,"segmentation":[],"iscrowd":0},{"id":220,"image_id":58,"category_id":2,"bbox":[388,345,252,295],"area":74340,"segmentation":[],"iscrowd":0},{"id":221,"image_id":59,"category_id":2,"bbox":[366,0,274,224],"area":61376,"segmentation":[],"iscrowd":0},{"id":222,"image_id":59,"category_id":1,"bbox":[0,224,320,416],"area":133120,"segmentation":[],"iscrowd":0},{"id":223,"image_id":59,"category_id":2,"bbox":[489,328,133,312],"area":41496,"segmentation":[],"iscrowd":0},{"id":224,"image_id":60,"category_id":1,"bbox":[0,0,286,396],"area":113256,"segmentation":[],"iscrowd":0},{"id":225,"image_id":60,"category_id":1,"bbox":[408,0,232,302],"area":70064,"segmentation":[],"iscrowd":0},{"id":226,"image_id":60,"category_id":1,"bbox":[0,396,352,244],"area":85888,"segmentation":[],"iscrowd":0},{"id":227,"image_id":60,"category_id":2,"bbox":[352,414,166,226],"area":37516,"segmentation":[],"iscrowd":0},{"id":228,"image_id":61,"category_id":2,"bbox":[2,0,298,311],"area":92678,"segmentation":[],"iscrowd":0},{"id":229,"image_id":61,"category_id":2,"bbox":[300,6,340,307],"area":104380,"segmentation":[],"iscrowd":0},{"id":230,"image_id":61,"category_id":1,"bbox":[0,313,300,327],"area":98100,"segmentation":[],"iscrowd":0},{"id":231,"image_id":61,"category_id":2,"bbox":[300,373,261,267],"area":69687,"segmentation":[],"iscrowd":0},{"id":232,"image_id":62,"category_id":2,"bbox":[141,96,76,288],"area":21888,"segmentation":[],"iscrowd":0},{"id":233,"image_id":62,"category_id":1,"bbox":[217,0,423,384],"area":162432,"segmentation":[],"iscrowd":0},{"id":234,"image_id":62,"category_id":1,"bbox":[131,384,86,256],"area":22016,"segmentation":[],"iscrowd":0},{"id":235,"image_id":62,"category_id":1,"bbox":[217,384,390,256],"area":99840,"segmentation":[],"iscrowd":0},{"id":236,"image_id":63,"category_id":2,"bbox":[0,0,409,211],"area":86299,"segmentation":[],"iscrowd":0},{"id":237,"image_id":63,"category_id":1,"bbox":[409,0,231,211],"area":48741,"segmentation":[],"iscrowd":0},{"id":238,"image_id":63,"category_id":1,"bbox":[0,211,286,429],"area":122694,"segmentation":[],"iscrowd":0},{"id":239,"image_id":63,"category_id":2,"bbox":[492,211,147.999,429],"area":63491.618,"segmentation":[[640,640,640,211,629.141,211,614.841,380.483,600.34,307.426,613.989,243.501,590.956,232.085,555.98,361.077,573.895,374.775,581.572,402.172,553.421,422.719,538.066,329.114,562.805,233.227,514.18,245.784,492.001,535.729,523.99,640,640,640]],"iscrowd":0},{"id":240,"image_id":64,"category_id":2,"bbox":[0,0,302.694,294],"area":88992.136,"segmentation":[[6.638,0,3.27,48.827,0,59.486,0,294,27.53,294,31.421,270.281,59.572,290.828,58.683,294,294.609,294,274.543,126.45,302.694,112.752,287.339,55.676,206.547,36.125,134.641,49.968,77.486,3.166,75.724,0,6.638,0]],"iscrowd":0},{"id":241,"image_id":64,"category_id":2,"bbox":[121,294,211,167],"area":35237,"segmentation":[],"iscrowd":0},{"id":242,"image_id":64,"category_id":2,"bbox":[353,317,287,323],"area":92701,"segmentation":[],"iscrowd":0},{"id":243,"image_id":65,"category_id":1,"bbox":[52,0,312,300],"area":93600,"segmentation":[],"iscrowd":0},{"id":244,"image_id":65,"category_id":2,"bbox":[364,0,276,300],"area":82800,"segmentation":[],"iscrowd":0},{"id":245,"image_id":65,"category_id":2,"bbox":[188,324,176.041,316.441],"area":55706.736,"segmentation":[[364,640,364,600.467,330.42,548.977,361.13,323.559,331.273,333.805,323.595,486.361,239.142,492.053,216.963,347.467,187.959,341.774,210.991,478.391,229.568,640,364,640]],"iscrowd":0},{"id":246,"image_id":65,"category_id":2,"bbox":[465,300,175,340],"area":59500,"segmentation":[],"iscrowd":0},{"id":247,"image_id":66,"category_id":2,"bbox":[14,0,318,60],"area":19080,"segmentation":[],"iscrowd":0},{"id":248,"image_id":66,"category_id":2,"bbox":[332,23,239.676,225.586],"area":54067.484,"segmentation":[[332,249,571.676,249,490.295,178.392,458.797,158.466,503.621,40.019,461.22,23.414,344.921,175.071,332,231.961,332,249]],"iscrowd":0},{"id":249,"image_id":66,"category_id":1,"bbox":[332,249,308,391],"area":120428,"segmentation":[],"iscrowd":0},{"id":250,"image_id":67,"category_id":1,"bbox":[80,70,397,218],"area":86546,"segmentation":[],"iscrowd":0},{"id":251,"image_id":67,"category_id":1,"bbox":[537,0,103,288],"area":29664,"segmentation":[],"iscrowd":0},{"id":252,"image_id":68,"category_id":1,"bbox":[249,0,356,294],"area":104664,"segmentation":[],"iscrowd":0},{"id":253,"image_id":68,"category_id":2,"bbox":[104,294,145,318],"area":46110,"segmentation":[],"iscrowd":0},{"id":254,"image_id":68,"category_id":2,"bbox":[333,294,307,346],"area":106222,"segmentation":[],"iscrowd":0},{"id":255,"image_id":69,"category_id":1,"bbox":[198,332,102,68],"area":6936,"segmentation":[],"iscrowd":0},{"id":256,"image_id":69,"category_id":1,"bbox":[114,409,159,231],"area":36729,"segmentation":[],"iscrowd":0},{"id":257,"image_id":69,"category_id":1,"bbox":[0,458,38,182],"area":6916,"segmentation":[],"iscrowd":0},{"id":258,"image_id":69,"category_id":1,"bbox":[560,332,80,86],"area":6880,"segmentation":[],"iscrowd":0},{"id":259,"image_id":69,"category_id":1,"bbox":[300,332,74,126],"area":9324,"segmentation":[],"iscrowd":0},{"id":260,"image_id":69,"category_id":1,"bbox":[442,332,119,144],"area":17136,"segmentation":[],"iscrowd":0},{"id":261,"image_id":69,"category_id":1,"bbox":[330,408,132.5,177.5],"area":23518.75,"segmentation":[],"iscrowd":0},{"id":262,"image_id":69,"category_id":1,"bbox":[300,469,53,133],"area":7049,"segmentation":[],"iscrowd":0},{"id":263,"image_id":69,"category_id":1,"bbox":[363,592,138,48],"area":6624,"segmentation":[],"iscrowd":0},{"id":264,"image_id":70,"category_id":1,"bbox":[0,0,310,467],"area":144770,"segmentation":[],"iscrowd":0},{"id":265,"image_id":70,"category_id":2,"bbox":[468,141,133,326],"area":43358,"segmentation":[],"iscrowd":0},{"id":266,"image_id":70,"category_id":2,"bbox":[0,467,326,173],"area":56398,"segmentation":[],"iscrowd":0},{"id":267,"image_id":70,"category_id":1,"bbox":[326,467,302,173],"area":52246,"segmentation":[],"iscrowd":0},{"id":268,"image_id":71,"category_id":2,"bbox":[0,0,216.125,313],"area":67647.125,"segmentation":[[0,0,0,43.526,20.22,108.155,23.419,179.309,29.817,236.692,0,290.523,0,296.49,27.685,297.518,46.878,267.679,58.608,86.349,98.062,117.336,124.72,288.337,120.901,313,154.222,313,132.184,72.577,205.761,3.718,216.125,0,159.4,0,151.378,14.047,86.333,25.524,92.675,0,0,0]],"iscrowd":0},{"id":269,"image_id":71,"category_id":2,"bbox":[300,0,236,313],"area":73868,"segmentation":[],"iscrowd":0},{"id":270,"image_id":71,"category_id":2,"bbox":[0,313,170.785,320.09],"area":54666.403,"segmentation":[[0,313,0,633.09,110.212,534.505,95.675,444.839,170.785,399.453,125.084,313,0,313]],"iscrowd":0},{"id":271,"image_id":71,"category_id":2,"bbox":[116,313,183.73,327],"area":60079.841,"segmentation":[[300,313,135.524,313,176.842,406.095,116.27,452.588,142.921,569.929,196.656,640,277.03,640,256.797,586.534,288.295,566.608,300,556.452,300,313]],"iscrowd":0},{"id":272,"image_id":71,"category_id":2,"bbox":[300,313,340,327],"area":111180,"segmentation":[],"iscrowd":0},{"id":273,"image_id":72,"category_id":1,"bbox":[97,0,267,320],"area":85440,"segmentation":[],"iscrowd":0},{"id":274,"image_id":72,"category_id":2,"bbox":[364,0,276,320],"area":88320,"segmentation":[[392.116,0,384.746,58.581,364,78.77,364,256.126,395.849,263.408,374.568,157.293,431.007,169.631,485.596,288.085,515.092,320,569.709,320,589.045,308.345,635.483,215.286,640,204.786,640,113.875,620.679,141.252,611.427,75.855,635.483,10.459,635.134,0,611.647,0,579.044,86.961,530.932,204.181,478.194,180.737,414.353,106.703,422.247,0,392.116,0]],"iscrowd":0},{"id":275,"image_id":72,"category_id":1,"bbox":[175,320,189,291],"area":54999,"segmentation":[],"iscrowd":0},{"id":276,"image_id":73,"category_id":1,"bbox":[0,0,358,409],"area":146422,"segmentation":[],"iscrowd":0},{"id":277,"image_id":73,"category_id":1,"bbox":[358,0,282,229],"area":64578,"segmentation":[],"iscrowd":0},{"id":278,"image_id":73,"category_id":1,"bbox":[0,409,358,231],"area":82698,"segmentation":[],"iscrowd":0},{"id":279,"image_id":73,"category_id":1,"bbox":[358,409,225,231],"area":51975,"segmentation":[],"iscrowd":0},{"id":280,"image_id":74,"category_id":2,"bbox":[65,1,267,351],"area":93717,"segmentation":[],"iscrowd":0},{"id":281,"image_id":74,"category_id":1,"bbox":[332,0,308,352],"area":108416,"segmentation":[],"iscrowd":0},{"id":282,"image_id":74,"category_id":1,"bbox":[18,352,314,288],"area":90432,"segmentation":[],"iscrowd":0},{"id":283,"image_id":74,"category_id":1,"bbox":[332,352,308,288],"area":88704,"segmentation":[],"iscrowd":0},{"id":284,"image_id":75,"category_id":2,"bbox":[0,0,204,480],"area":97920,"segmentation":[],"iscrowd":0},{"id":285,"image_id":75,"category_id":1,"bbox":[204,0,428,486],"area":208008,"segmentation":[],"iscrowd":0},{"id":286,"image_id":75,"category_id":2,"bbox":[0,486,204,154],"area":31416,"segmentation":[],"iscrowd":0},{"id":287,"image_id":75,"category_id":2,"bbox":[364,549,133,91],"area":12103,"segmentation":[],"iscrowd":0},{"id":288,"image_id":76,"category_id":1,"bbox":[428,0,158,300],"area":47400,"segmentation":[],"iscrowd":0},{"id":289,"image_id":76,"category_id":2,"bbox":[0,300,428,340],"area":145520,"segmentation":[],"iscrowd":0},{"id":290,"image_id":76,"category_id":1,"bbox":[428,300,212,340],"area":72080,"segmentation":[],"iscrowd":0},{"id":291,"image_id":77,"category_id":2,"bbox":[0,0,326,352],"area":114752,"segmentation":[],"iscrowd":0},{"id":292,"image_id":77,"category_id":2,"bbox":[326,0,274,228],"area":62472,"segmentation":[],"iscrowd":0},{"id":293,"image_id":77,"category_id":1,"bbox":[0,352,326,288],"area":93888,"segmentation":[],"iscrowd":0},{"id":294,"image_id":77,"category_id":2,"bbox":[454,352,186.114,288],"area":53600.857,"segmentation":[[640,352,492.752,352,471.991,532.609,453.886,640,481.573,640,500.142,518.947,584.595,524.639,590.401,640,615.667,640,591.42,462.023,631.514,400.546,640,407.062,640,352]],"iscrowd":0},{"id":295,"image_id":78,"category_id":1,"bbox":[73,0,195,364],"area":70980,"segmentation":[],"iscrowd":0},{"id":296,"image_id":78,"category_id":1,"bbox":[268,0,372,364],"area":135408,"segmentation":[],"iscrowd":0},{"id":297,"image_id":78,"category_id":2,"bbox":[59,364,209,276],"area":57684,"segmentation":[],"iscrowd":0},{"id":298,"image_id":78,"category_id":1,"bbox":[268,364,372,276],"area":102672,"segmentation":[],"iscrowd":0},{"id":299,"image_id":79,"category_id":2,"bbox":[248,0,129.25,310.209],"area":40094.508,"segmentation":[[377,0,268.65,0,247.75,19.762,345.865,310.209,377,265.51,377,0]],"iscrowd":0},{"id":300,"image_id":79,"category_id":2,"bbox":[14,0,317.703,325.884],"area":103534.137,"segmentation":[[13.713,0,34.895,239.677,107.404,182.736,169.006,285.419,212.069,183.379,331.415,325.884,241.598,9.206,249.263,0,13.713,0]],"iscrowd":0},{"id":301,"image_id":79,"category_id":1,"bbox":[72,326,305,284],"area":86620,"segmentation":[],"iscrowd":0},{"id":302,"image_id":79,"category_id":1,"bbox":[541,549,99,91],"area":9009,"segmentation":[],"iscrowd":0},{"id":303,"image_id":79,"category_id":1,"bbox":[423,491,119,149],"area":17731,"segmentation":[],"iscrowd":0},{"id":304,"image_id":79,"category_id":1,"bbox":[377,382,66,178],"area":11748,"segmentation":[],"iscrowd":0},{"id":305,"image_id":80,"category_id":2,"bbox":[0,0,278,486],"area":135108,"segmentation":[],"iscrowd":0},{"id":306,"image_id":80,"category_id":1,"bbox":[274,540,92.5,84.5],"area":7816.25,"segmentation":[],"iscrowd":0},{"id":307,"image_id":80,"category_id":1,"bbox":[349,486,22,61],"area":1342,"segmentation":[],"iscrowd":0},{"id":308,"image_id":80,"category_id":1,"bbox":[26,518,110.5,82],"area":9061,"segmentation":[],"iscrowd":0},{"id":309,"image_id":80,"category_id":1,"bbox":[0,543,42,90],"area":3780,"segmentation":[],"iscrowd":0},{"id":310,"image_id":80,"category_id":1,"bbox":[187,508,88,96],"area":8448,"segmentation":[],"iscrowd":0},{"id":311,"image_id":80,"category_id":1,"bbox":[104,486,98,59],"area":5782,"segmentation":[],"iscrowd":0},{"id":312,"image_id":80,"category_id":1,"bbox":[25,486,96,26],"area":2496,"segmentation":[],"iscrowd":0},{"id":313,"image_id":80,"category_id":1,"bbox":[66,614,83,26],"area":2158,"segmentation":[],"iscrowd":0},{"id":314,"image_id":80,"category_id":1,"bbox":[529,486,111,154],"area":17094,"segmentation":[],"iscrowd":0},{"id":315,"image_id":81,"category_id":2,"bbox":[0,0,358,268],"area":95944,"segmentation":[[93.955,0,0,21.391,0,228.799,35.062,256.336,36.88,268,74.356,268,69.184,211.577,142.761,142.718,203.542,120.913,258.99,229.94,276.672,268,308.952,268,296.312,240.269,306.975,179.443,341.097,218.463,358,216.573,358,174.292,324.036,110.584,270.517,24.029,221.122,0,200.389,0,151.292,42.872,88.378,153.047,23.333,164.524,47.858,65.825,10.537,72.711,99.922,0,93.955,0]],"iscrowd":0},{"id":316,"image_id":81,"category_id":1,"bbox":[358,0,282,177],"area":49914,"segmentation":[],"iscrowd":0},{"id":317,"image_id":81,"category_id":2,"bbox":[0,268,340,372],"area":126480,"segmentation":[],"iscrowd":0},{"id":318,"image_id":81,"category_id":2,"bbox":[358,268,156,249],"area":38844,"segmentation":[],"iscrowd":0},{"id":319,"image_id":82,"category_id":1,"bbox":[0,37,85,176],"area":14960,"segmentation":[],"iscrowd":0},{"id":320,"image_id":82,"category_id":1,"bbox":[65,144,95,178],"area":16910,"segmentation":[],"iscrowd":0},{"id":321,"image_id":82,"category_id":2,"bbox":[160,0,282,352],"area":99264,"segmentation":[],"iscrowd":0},{"id":322,"image_id":82,"category_id":1,"bbox":[160,352,480,288],"area":138240,"segmentation":[],"iscrowd":0},{"id":323,"image_id":83,"category_id":1,"bbox":[281,0,359,217],"area":77903,"segmentation":[],"iscrowd":0},{"id":324,"image_id":83,"category_id":2,"bbox":[13,217,268,423],"area":113364,"segmentation":[],"iscrowd":0},{"id":325,"image_id":83,"category_id":2,"bbox":[281,280,221,225],"area":49725,"segmentation":[],"iscrowd":0},{"id":326,"image_id":84,"category_id":1,"bbox":[19,0,269,183],"area":49227,"segmentation":[],"iscrowd":0},{"id":327,"image_id":84,"category_id":2,"bbox":[288,0,352,268],"area":94336,"segmentation":[],"iscrowd":0},{"id":328,"image_id":84,"category_id":2,"bbox":[0,268,288,372],"area":107136,"segmentation":[],"iscrowd":0},{"id":329,"image_id":84,"category_id":1,"bbox":[288,302,287,338],"area":97006,"segmentation":[],"iscrowd":0},{"id":330,"image_id":85,"category_id":2,"bbox":[423,0,216.785,217],"area":47042.276,"segmentation":[[640,217,640,0,526.823,0,483.788,38.495,498.325,128.161,423.215,173.547,446.185,217,640,217]],"iscrowd":0},{"id":331,"image_id":85,"category_id":2,"bbox":[256,0,221.73,217],"area":48115.497,"segmentation":[[315.809,0,305.705,6.392,256,49.517,256,217,439.391,217,417.158,166.905,477.73,120.412,451.079,3.071,448.723,0,315.809,0]],"iscrowd":0},{"id":332,"image_id":85,"category_id":2,"bbox":[0,217,256,420],"area":107520,"segmentation":[],"iscrowd":0},{"id":333,"image_id":85,"category_id":2,"bbox":[378,217,262,423],"area":110826,"segmentation":[],"iscrowd":0},{"id":334,"image_id":86,"category_id":2,"bbox":[0,65,415,171],"area":70965,"segmentation":[],"iscrowd":0},{"id":335,"image_id":86,"category_id":2,"bbox":[30,236,411,404],"area":166044,"segmentation":[],"iscrowd":0},{"id":336,"image_id":86,"category_id":1,"bbox":[448,263,192,193],"area":37056,"segmentation":[],"iscrowd":0}]}